{
  "created_dates": {
    "binance": 1776310252.086005,
    "binanceus": 1776310252.086197,
    "kraken": 1776310252.086323,
    "bitstamp": 1776310252.0866168,
    "htx": 1776310252.086738,
    "btcc": 1776310252.0868385,
    "polymarket": 1776310252.0869408,
    "kalshi": 1776310252.0870535,
    "meshy": 1776310252.0871716,
    "sourcery": 1776310252.0872986,
    "kavout": 1776310252.0874047,
    "figma": 1776310252.087495,
    "bank_data": 1776310252.0875902,
    "tax_data": 1776310252.0876768,
    "bin_checker": 1776310252.0877697,
    "vatlayer": 1776310252.0878556,
    "vault": 1776310252.087942,
    "currency_data": 1776310252.088029,
    "rundown": 1776310252.088117,
    "odds": 1776310252.088218,
    "finance_news": 1776310252.088316,
    "world_news": 1776310252.088473,
    "media_stack": 1776310252.0885794,
    "market_stack": 1776310252.088683,
    "coinlayer": 1776310252.0887713,
    "alpha_vantage": 1776310252.0888605,
    "nasdaq": 1776310252.0889478,
    "heroku": 1776310252.0890388,
    "grok_xai": 1776310252.0891466,
    "blockchain": 1776310252.089259,
    "twitter": 1776310252.089363,
    "nansen": 1776310252.0894728,
    "etherscan": 1776310252.08958,
    "bithomp": 1776310252.0896893,
    "bscscan": 1776310252.0898097,
    "polygonscan": 1776310252.0899227,
    "google": 1776310252.090038,
    "codegpt": 1776310252.0901632,
    "llama": 1776310252.0902853,
    "fred": 1776310252.0904124,
    "huggingface": 1776310252.0905252,
    "riva": 1776310252.0906575,
    "pinecone": 1776310252.0907912,
    "cohere": 1776310252.0909262,
    "stability": 1776310252.091108,
    "deepl": 1776310252.091253,
    "ollama": 1776310252.091393,
    "alpaca": 1776310252.0915544,
    "oanda": 1776310252.091682,
    "moodys": 1776310252.0918167,
    "finnhub": 1776310252.0919476,
    "fmp_cloud": 1776310252.0920813,
    "eodhd": 1776310252.0922217,
    "tiingo": 1776310252.0923607,
    "polygon_io": 1776310252.092502,
    "intrinio": 1776310252.0926507,
    "finage": 1776310252.0927963,
    "benzinga": 1776310252.0929587,
    "newsapi": 1776310252.0931237,
    "twelve_data": 1776310252.0932915,
    "trading_economics": 1776310252.0934536,
    "alchemy": 1776310252.0936203,
    "messari": 1776310252.093789,
    "coinmarketcap": 1776310252.093954,
    "cryptocompare": 1776310252.0941248,
    "token_metrics": 1776310252.0943067,
    "zerion": 1776310252.0944839,
    "ibm_quantum": 1776310252.0953884,
    "openquantum": 1776310252.0955977,
    "coingecko": 1776310252.0957942,
    "deepseek": 1776310252.0959897,
    "kimi": 1776310252.0961897,
    "glm": 1776310252.0963817,
    "qwen": 1776310252.0965748,
    "reddit_client": 1776310252.096768,
    "jwt": 1776310252.096964,
    "encryption": 1776310252.0971692,
    "alpaca_sandbox": 1776310252.0973742,
    "coinbase": 1776310252.0975735,
    "openai": 1776310252.0977533,
    "anthropic": 1776310252.0979536,
    "mistral": 1776310252.09816,
    "groq": 1776310252.0983646,
    "marketstack": 1776310252.0985713,
    "mediastack": 1776310252.0987802,
    "the_rundown": 1776310252.0989919,
    "the_odds": 1776310252.0992117,
    "databento": 1776310252.0994256,
    "massive": 1776310252.0996408,
    "rapidapi": 1776310252.0999105,
    "quiver_quant": 1776310252.1002057,
    "unusual_whales": 1776310252.100438,
    "astra_db_client": 1776310252.100671,
    "astra_db": 1776310252.1008987,
    "infura_project_id": 1776310252.1011262,
    "infura_project": 1776310252.1013553,
    "alchemy_https_url": 1776310252.1015854,
    "alchemy_websocket_url": 1776310252.101818,
    "metamask": 1776310252.1020648,
    "token_metrics_alt": 1776310252.1023138,
    "vezgo_client": 1776310252.1025796,
    "netlify": 1776310252.1028664,
    "alphavantage": 1776310252.1031241,
    "infura": 1776310252.1033857,
    "numerai": 1776310252.1036248,
    "wondershare": 1776310252.1038713,
    "wondershare_app": 1776310252.1041198,
    "google_search_engine_id": 1776310252.1043723,
    "qiskit_ibm": 1776310252.1046205,
    "openquantum_sdk": 1776310252.104872,
    "quantconnect_api": 1776310252.105136,
    "twitter_auth": 1776310252.1054018,
    "github_access": 1776310252.1056652,
    "bullx": 1776310252.105982,
    "telegram_bot": 1776310252.1062589,
    "twilio_auth": 1776310252.1065323,
    "replicate_api": 1776310252.1068032,
    "fal": 1776310252.1070743,
    "cesium": 1776310252.1073477,
    "mapbox": 1776310252.1076257
  },
  "rotation_due": {
    "binance": 1778902252.086005,
    "binanceus": 1778902252.086197,
    "kraken": 1778902252.086323,
    "bitstamp": 1784086252.0866168,
    "htx": 1784086252.086738,
    "btcc": 1784086252.0868385,
    "polymarket": 1784086252.0869408,
    "kalshi": 1784086252.0870535,
    "meshy": 1784086252.0871716,
    "sourcery": 1784086252.0872986,
    "kavout": 1784086252.0874047,
    "figma": 1784086252.087495,
    "bank_data": 1778902252.0875902,
    "tax_data": 1778902252.0876768,
    "bin_checker": 1778902252.0877697,
    "vatlayer": 1778902252.0878556,
    "vault": 1778902252.087942,
    "currency_data": 1778902252.088029,
    "rundown": 1784086252.088117,
    "odds": 1784086252.088218,
    "finance_news": 1784086252.088316,
    "world_news": 1784086252.088473,
    "media_stack": 1784086252.0885794,
    "market_stack": 1791862252.088683,
    "coinlayer": 1791862252.0887713,
    "alpha_vantage": 1791862252.0888605,
    "nasdaq": 1791862252.0889478,
    "heroku": 1778902252.0890388,
    "grok_xai": 1784086252.0891466,
    "blockchain": 1781494252.089259,
    "twitter": 1784086252.089363,
    "nansen": 1781494252.0894728,
    "etherscan": 1781494252.08958,
    "bithomp": 1784086252.0896893,
    "bscscan": 1781494252.0898097,
    "polygonscan": 1781494252.0899227,
    "google": 1784086252.090038,
    "codegpt": 1784086252.0901632,
    "llama": 1784086252.0902853,
    "fred": 1791862252.0904124,
    "huggingface": 1784086252.0905252,
    "riva": 1784086252.0906575,
    "pinecone": 1784086252.0907912,
    "cohere": 1784086252.0909262,
    "stability": 1784086252.091108,
    "deepl": 1784086252.091253,
    "ollama": 1784086252.091393,
    "alpaca": 1781494252.0915544,
    "oanda": 1778902252.091682,
    "moodys": 1791862252.0918167,
    "finnhub": 1791862252.0919476,
    "fmp_cloud": 1791862252.0920813,
    "eodhd": 1791862252.0922217,
    "tiingo": 1791862252.0923607,
    "polygon_io": 1791862252.092502,
    "intrinio": 1791862252.0926507,
    "finage": 1791862252.0927963,
    "benzinga": 1791862252.0929587,
    "newsapi": 1791862252.0931237,
    "twelve_data": 1791862252.0932915,
    "trading_economics": 1791862252.0934536,
    "alchemy": 1781494252.0936203,
    "messari": 1781494252.093789,
    "coinmarketcap": 1781494252.093954,
    "cryptocompare": 1784086252.0941248,
    "token_metrics": 1784086252.0943067,
    "zerion": 1784086252.0944839,
    "ibm_quantum": 1784086252.0953884,
    "openquantum": 1784086252.0955977,
    "coingecko": 1784086252.0957942,
    "deepseek": 1784086252.0959897,
    "kimi": 1784086252.0961897,
    "glm": 1784086252.0963817,
    "qwen": 1784086252.0965748,
    "reddit_client": 1784086252.096768,
    "jwt": 1784086252.096964,
    "encryption": 1784086252.0971692,
    "alpaca_sandbox": 1784086252.0973742,
    "coinbase": 1778902252.0975735,
    "openai": 1784086252.0977533,
    "anthropic": 1784086252.0979536,
    "mistral": 1784086252.09816,
    "groq": 1784086252.0983646,
    "marketstack": 1784086252.0985713,
    "mediastack": 1784086252.0987802,
    "the_rundown": 1784086252.0989919,
    "the_odds": 1784086252.0992117,
    "databento": 1784086252.0994256,
    "massive": 1784086252.0996408,
    "rapidapi": 1784086252.0999105,
    "quiver_quant": 1784086252.1002057,
    "unusual_whales": 1784086252.100438,
    "astra_db_client": 1784086252.100671,
    "astra_db": 1784086252.1008987,
    "infura_project_id": 1784086252.1011262,
    "infura_project": 1784086252.1013553,
    "alchemy_https_url": 1784086252.1015854,
    "alchemy_websocket_url": 1784086252.101818,